"GameIndex","AwayTeam","HomeTeam","Win","InitPoss","AwayETM","HomeETM","AwayDETM","HomeDETM","AwayWPstart","HomeWPstart","AwayWPend","HomeWPend","AwayCorrectO","HomeCorrectO","AwayCorrectD","HomeCorrectD","AwayPoss","HomePoss"
1,"CLE","CHI",1,1,0.128731150377359,0.0147278986217025,0,0.0285994816313481,0.076775209380699,0.923224790619301,0.266190614523254,0.733809385476746,0,0,0,0,9,5
2,"UTA","DET",1,0,0.131620804858701,0.0519153377358035,0,0,0.116601821616082,0.883398178383918,0.00552526854974434,0.994474731450256,0,0,2,0,7,6
3,"MIN","LAL",-1,0,0.0222237583815527,0.022701473367032,0,0,0.851205076703679,0.148794923296321,0.429513341579947,0.570486658420053,0,0,0,0,5,7
4,"WAS","ORL",-1,1,0.11105351170421,0.162752737773149,0,0,0.630871484161327,0.369128515838673,0.459604831820682,0.540395168179318,0,0,0,0,7,10
5,"CHA","ATL",1,1,0.207398058079175,0.116841798804375,0.0412604930972521,0.00664876916585999,0.199640121646531,0.800359878353469,0.129509369143028,0.870490630856972,0,0,2,0,11,6
6,"CHI","DET",0,1,0.170422349158515,0.142483942735033,0,0,0.626964658718607,0.373035341281393,0.671401475132885,0.328598524867115,0,0,0,0,5,7
7,"CHI","DET",1,0,0.135709651977933,0.0163760786978309,0,0,0.0774294397985492,0.922570560201451,0.0517967219297385,0.948203278070262,0,0,4,0,9,5
8,"OKC","ORL",0,1,0.0631773952876106,0.126987454426944,0.012283731305477,0,0.037222042944294,0.962777957055706,0.124302204646235,0.875697795353765,0,0,1,0,7,6
9,"OKC","ORL",0,1,0.24389747516882,0.050968730891627,0.143004691647798,0,0.830792868859833,0.169207131140167,0.123663991761949,0.876336008238051,0,0,0,0,8,5
10,"OKC","ORL",-1,0,0.0763985902819183,0.07002715538118,0.0541074612692206,0.0345318380182607,0.798587587706253,0.201412412293747,0.130001526600884,0.869998473399116,0,0,0,3,6,7
11,"WAS","MIL",-1,1,0.0334729759357602,0.0618465337885955,0,0,0.711610480105128,0.288389519894872,0.00851660109143026,0.99148339890857,0,0,0,3,4,8
12,"SAC","LAC",1,1,0.169928666696203,0.0107703667661619,0,0,0.109843456250869,0.890156543749131,0.0013784148981435,0.998621585101857,0,0,2,0,10,2
13,"ORL","CHI",1,0,0.128360111267567,0.0425700611031755,0,0.0123984860650973,0.220068419343839,0.779931580656161,0.00553500380948323,0.994464996190517,0,0,2,0,11,8
14,"ATL","CHA",-1,1,0.151799253727118,0.224565929328637,0.0481976621037491,0,0.827522133092357,0.172477866907643,0.184495342674788,0.815504657325212,0,0,0,1,5,7
15,"OKC","HOU",1,1,0.0566477758758269,0.0212811991973801,0,0,0.15068292279907,0.84931707720093,0.000589098631008261,0.999410901368992,0,0,1,0,6,4
16,"POR","MIN",-1,1,0.056739388582764,0.107814989427368,0.0125179211209994,0,0.78301500010467,0.21698499989533,0.00976477104256301,0.990235228957437,0,0,0,1,7,8
17,"LAC","GSW",1,1,0.239899338683693,0.026252765767054,0,0,0.437855482839889,0.562144517160111,0.0572115703106905,0.94278842968931,0,0,2,0,8,4
18,"ORL","HOU",1,0,0.090885125725479,0.081117304178873,0,0,0.442186138300957,0.557813861699043,0.738850746049261,0.261149253950739,0,0,1,0,5,5
19,"ORL","HOU",1,1,0.0467015915728377,0.0887932760132183,0.00238008231206652,0.0597492938246206,0.280711100836196,0.719288899163804,0.00297012194169699,0.997029878058303,0,0,2,0,5,6
20,"BOS","IND",1,1,0.0380417574633995,0.0316303940375476,0,0,0.354669852034808,0.645330147965192,0.250236266378315,0.749763733621685,0,0,0,0,6,5
21,"PHI","MIL",1,1,0.153446170936662,0.071361753569941,0,0.0250663760529717,0.725734218722208,0.274265781277792,0.0101947873885923,0.989805212611408,0,0,1,0,6,5
22,"TOR","OKC",-1,0,0.103198634889536,0.0351058612316816,0.0278872186320327,0,0.213717714896769,0.786282285103231,0.0271197918483697,0.97288020815163,0,0,0,2,5,5
23,"SAS","WAS",1,0,0.15437732319148,0.130335846371329,0.06433426289548,0,0.385085883784352,0.614914116215648,0.13309501543738,0.86690498456262,0,0,1,0,10,5
24,"MIA","IND",1,0,0.058794294739613,0.271819769618755,0.0157255437396424,0.0594295622228447,0.216649057384808,0.783350942615192,0.12452245631465,0.87547754368535,0,0,2,0,6,6
25,"TOR","ORL",1,0,0.148005951530055,0.038570286352179,0,0,0.223606390843056,0.776393609156944,0.00757052098801803,0.992429479011982,0,0,2,0,5,3
26,"MIN","CHI",0,1,0.0728154531476647,0.097462080494628,0,0,0.225532282487576,0.774467717512424,0.714476569928666,0.285523430071334,0,0,0,0,7,6
27,"HOU","LAC",-1,1,0.0672564039418038,0.122773672778872,0,0,0.919704327816574,0.0802956721834263,0.0510781431325833,0.948921856867417,0,0,0,1,4,7
28,"IND","CLE",1,0,0.171151600149622,0.112976150411872,0,0.0923800285048049,0.361236918520421,0.638763081479579,0.000870583812127725,0.999129416187872,0,0,1,0,7,4
29,"LAL","NYK",1,1,0.078280554697259,0.00214747763073341,0,0,0.732959861177058,0.267040138822942,0.00270438327217842,0.997295616727822,0,0,1,0,10,2
30,"POR","DEN",1,0,0.1795178102046,0.0012598522787216,0,0,0.194032754733654,0.805967245266346,0.0158362125365686,0.984163787463431,0,0,1,0,9,2
31,"MEM","LAC",1,1,0.103891554889007,0.0143968506413839,0,0,0.530633613588255,0.469366386411745,0.03230977472398,0.96769022527602,0,0,4,0,3,4
32,"UTA","CLE",1,0,0.100940267215652,0.149766313349514,0,0.0923928206929782,0.126743781490174,0.873256218509826,0.01705539853389,0.98294460146611,0,0,5,0,9,5
33,"NYK","TOR",-1,0,0.0444211398858456,0.145419017368144,0,0,0.797510012426466,0.202489987573534,0.302365378773036,0.697634621226964,0,0,0,3,6,7
34,"NYK","CHA",0,0,0.228197271058893,0.0630817075549263,0,0,0.34249765589445,0.65750234410555,0.693896008977595,0.306103991022405,0,0,0,0,8,4
35,"MIL","DEN",1,0,0.0707529458702675,0.106402471097868,0,0,0.295394264959402,0.704605735040598,0.438915968647695,0.561084031352305,0,0,0,0,9,5
36,"LAL","ORL",0,1,0.0848170931532131,0.170848728628961,0,0,0.442330629825531,0.557669370174469,0.717504934767903,0.282495065232097,0,0,0,0,4,8
37,"UTA","MIA",1,0,0.185568952733516,0.0249717284037116,0,0,0.288638732729104,0.711361267270896,0.0107509684648401,0.98924903153516,0,0,4,0,9,4
38,"CHA","CHI",1,0,0.0999041558817106,0.0309715210727439,0,0.00897287914592859,0.127634761227098,0.872365238772902,4.77560277978536e-05,0.999952243972202,0,0,0,0,8,4
39,"MIN","IND",1,0,0.0975350481280086,0.018924412317995,0,0,0.0857942286498206,0.914205771350179,0.052684496889877,0.947315503110123,0,0,3,0,10,3
40,"POR","MEM",1,1,0.0487811341543314,0.158762568980965,0,0,0.076144451728966,0.923855548271034,0.459991544958463,0.540008455041537,0,0,0,0,6,8
41,"BKN","SAC",1,1,0.0907783942937397,0.0322606628169033,0,0.010233782503448,0.075080757734183,0.924919242265817,0.283531913101907,0.716468086898093,0,0,4,0,11,5
42,"BKN","GSW",0,0,0.282901540229756,0.220392303997823,0.154644947916732,0.0117320943746488,0.465298473057067,0.534701526942933,0.711018690302491,0.288981309697509,0,0,0,1,8,10
43,"DET","LAC",1,1,0.0721102531579665,0.100092755323454,0.0177618340970219,0.0424275917653885,0.474635437108975,0.525364562891025,0.00549640805489667,0.994503591945103,0,0,2,0,5,6
44,"CLE","MIL",0,0,0.128768741476126,0.072156634938987,0,0,0.173851309322234,0.826148690677766,0.692761897108615,0.307238102891385,0,0,0,0,7,6
45,"CLE","MIL",0,1,0.20806961068972,0.20073845099309,0,0,0.277689188049496,0.722310811950504,0.619961418211396,0.380038581788604,0,0,0,0,6,7
46,"CLE","MIL",1,0,0.0595877605813745,0.0201017430953526,0,0.0527229432265167,0.273075920810958,0.726924079189042,0.987312512283845,0.012687487716155,0,0,0,0,6,5
47,"UTA","ATL",-1,1,0.0907351033317226,0.107796862730824,0.0064864123451277,0,0.843245590328155,0.156754409671845,0.443552005418357,0.556447994581643,0,0,0,0,7,7
48,"IND","CHI",1,0,0.0936336766938696,0.1485395327363,0,0,0.373697659680894,0.626302340319106,0.435598739782529,0.564401260217471,0,0,0,0,6,4
49,"ATL","BKN",0,0,0.171116566313556,0.0322809261869852,0,0,0.401649073136242,0.598350926863758,0.312794488350943,0.687205511649057,0,0,0,0,6,3
50,"CLE","DET",1,0,0.163750234733056,0.0155566115875657,0,0,0.730707335204308,0.269292664795692,0.0221024256465021,0.977897574353498,0,0,3,0,10,3
51,"TOR","GSW",1,0,0.197710731587238,0.0107306606989926,0,0,0.169893958584982,0.830106041415018,0.00587948725688474,0.994120512743115,0,0,4,0,9,4
52,"DAL","BOS",-1,0,0.0876046836573993,0.0743712780509065,0.0287449790215278,0,0.856825180286297,0.143174819713703,0.0299615541466204,0.97003844585338,0,0,0,4,6,8
53,"BKN","CHA",1,1,0.105405479737517,0.0870555094770046,0,0.0281115209657046,0.077177758820506,0.922822241179494,0.00196241454105232,0.998037585458948,0,0,3,0,9,6
54,"POR","HOU",0,1,0.185090901552745,0.0414356818689288,0.0592683844406368,0.0110846043803272,0.957006112915282,0.0429938870847176,0.622886142371456,0.377113857628544,0,0,1,2,7,8
55,"POR","HOU",1,0,0.103014560948236,0.0353782077978748,0,0.0127889557315847,0.29008480126924,0.70991519873076,4.71341628271931e-05,0.999952865837173,0,0,1,0,6,5
56,"MIN","ORL",0,0,0.0969330672537103,0.155105006862969,0,0.0553967902326482,0.275064031730746,0.724935968269254,0.718085109136696,0.281914890863304,0,0,0,0,4,9
57,"MIN","ORL",1,0,0.218540063855376,0.065837083068773,0.0162231797612506,0.0530521083542834,0.531536099544461,0.468463900455539,0.11792416989814,0.88207583010186,0,0,0,0,8,6
58,"TOR","UTA",1,1,0.18699023190475,0.15610830905189,0,0.0721899959251961,0.372921098664058,0.627078901335942,0.0580741954123895,0.941925804587611,0,0,2,0,7,5
59,"NYK","OKC",-1,0,0.0615259311369056,0.0701698364236397,0.0289747170069601,0.000167523689516058,0.973772713719889,0.026227286280111,0.124302204646235,0.875697795353765,0,0,0,2,7,9
60,"WAS","DET",-1,1,0.168733880588083,0.170228821226232,0.0535635956073146,0,0.84828559242437,0.15171440757563,0.259828077622266,0.740171922377734,0,0,0,2,7,8
61,"NYK","HOU",-1,0,0.0921284985479178,0.0540796152536613,0,0,0.532328116311719,0.467671883688281,0.00058435284360614,0.999415647156394,0,0,0,4,6,7
62,"PHI","MIA",1,1,0.0898097546385321,0.0521356750453922,0,0.000505086450199532,0.704647963447632,0.295352036552368,0.000482701110503969,0.999517298889496,0,0,2,0,6,5
63,"DAL","OKC",1,0,0.204640798545462,0.0358916080763979,0,0,0.452835878512854,0.547164121487146,0.128913786544655,0.871086213455345,0,0,1,0,10,6
64,"SAC","CHA",0,0,0.247810043854931,0.245476755659533,0,0.102334072961701,0.919764170608473,0.080235829391527,0.179008370391256,0.820991629608744,0,0,0,0,9,6
65,"SAC","CHA",1,1,0.0945040970155549,0.0569300185588565,0,0.036492001634139,0.149517371414559,0.850482628585441,0.00558537959116312,0.994414620408837,0,0,2,0,9,7
66,"PHI","MIN",1,1,0.0576960144718529,0.0610540484106253,0,0,0.844381696626814,0.155618303373186,0.000166438244397566,0.999833561755602,0,0,2,0,8,5
67,"CHI","POR",-1,1,0.00388420025368241,0.178818179110559,0,0,0.735148650832696,0.264851349167304,0.000630318354066239,0.999369681645934,0,0,0,3,5,8
68,"PHI","BOS",1,0,0.116344277117275,0.0626382837727028,0,0.0308052894438493,0.831080122875573,0.168919877124427,0.0101947873885923,0.989805212611408,0,0,1,0,7,7
69,"ATL","MIN",1,0,0.106741194084102,0.0724619756991123,0,0.00940738327078927,0.209408979432791,0.790591020567209,0.000911702698768347,0.999088297301232,0,0,1,0,8,6
70,"DAL","SAS",1,0,0.0768436174536966,0.0772106496096094,0,0,0.189874775295877,0.810125224704123,0.0101321517552347,0.989867848244765,0,0,2,0,5,5
71,"CLE","TOR",1,0,0.0237137556739639,0.0224285770971633,0,0.00530012735448915,0.0930479480215142,0.906952051978486,0.000537209873966486,0.999462790126034,0,0,0,0,5,6
72,"CLE","CHA",-1,0,0.0783929703231537,0.104928509409899,0.00319472272132193,0,0.849113090922629,0.150886909077371,0.00579095427106502,0.994209045728935,0,0,0,2,7,8
73,"PHI","HOU",1,0,0.0690183900882388,0.0243912435889336,0,0,0.280001840029132,0.719998159970868,0.872619548562086,0.127380451437914,0,0,3,1,4,3
74,"BKN","CLE",1,0,0.071397437781212,0.072342472741122,0,0,0.451273581536,0.548726418464,0.283531913101907,0.716468086898093,0,0,1,0,5,5
75,"TOR","WAS",-1,1,0.186382618751836,0.0841847384460358,0,0,0.163222146368134,0.836777853631866,0.352106375855713,0.647893624144287,0,0,3,0,8,6
76,"DET","BKN",1,0,0.0730076576930459,0.0481038115249786,0.000604555645098925,0,0.296811905678139,0.703188094321861,0.00307429316485897,0.996925706835141,0,0,2,1,7,6
77,"MIL","CHA",1,1,0.0407212686811812,0.118392412992393,0,0,0.180338892192842,0.819661107807158,0.00253164494218589,0.997468355057814,0,0,1,0,5,6
78,"IND","LAL",-1,1,0.00952714825775925,0.0720461834465733,0,0,0.941274864110414,0.0587251358895865,0.0379019642797112,0.962098035720289,0,0,0,4,4,10
79,"HOU","NYK",0,0,0.135202356074179,0.0498122814774338,0,0,0.260844418143886,0.739155581856114,0.718160033878982,0.281839966121018,0,0,0,0,7,4
80,"HOU","NYK",-1,1,0.0409111473803745,0.107169709762535,0.0104729256344356,0,0.714166852113559,0.285833147886441,0.000593525833214037,0.999406474166786,0,0,0,2,3,7
81,"PHX","TOR",-1,0,0.0345810955652707,0.127417044612131,0.00511041290116143,0,0.462628411472601,0.537371588527399,0.000107674594401974,0.999892325405598,0,0,0,2,6,7
82,"SAS","CHI",1,1,0.0916689563179149,0.0697265323870984,0.0194395773800578,0,0.475028203999735,0.524971796000265,0.135545621495589,0.864454378504411,0,0,0,0,7,3
83,"GSW","UTA",-1,1,0.122272086563053,0.0997308416727232,0,0.0424119301908912,0.716830073023275,0.283169926976725,0.125987168931457,0.874012831068543,0,0,0,1,6,7
84,"PHX","BKN",1,0,0.0661144251838187,0.0664057597123502,0.0161675365942324,0.0442728481630883,0.164539331706777,0.835460668293223,0.11992162023794,0.88007837976206,0,0,0,0,5,6
85,"ORL","MIN",-1,1,0.0754681548085333,0.0511534951963077,0.0629892320150695,0.0162231797612506,0.638751653951379,0.361248346048621,0.120511317342942,0.879488682657058,0,0,0,2,6,7
86,"DAL","POR",0,0,0.118504411030982,0.123111470209145,0,0,0.0858883590709072,0.914111640929093,0.622886142371456,0.377113857628544,0,0,0,0,12,6
87,"PHX","DET",0,0,0.285687693093867,0.0105398364814059,0.104235672574809,0,0.618792615536785,0.381207384463215,0.664455302604139,0.335544697395861,0,0,0,0,8,3
88,"PHX","DET",1,1,0.100062012552157,0.118329105625166,0.00417007970998043,0.0548857866103687,0.109932231913836,0.890067768086164,0.00537092882285773,0.994629071177142,0,0,3,0,9,5
89,"LAL","WAS",-1,1,0.047814393754478,0.119263972638368,0,0,0.542367207703482,0.457632792296518,0.0316042164335262,0.968395783566474,0,0,0,3,5,7
90,"OKC","MIA",1,1,0.136138652442796,0.0789713644209948,0,0,0.463001592449438,0.536998407550562,0.258018998477354,0.741981001522646,0,0,0,0,6,5
91,"DEN","TOR",-1,0,0.0796078339419331,0.173182790880382,0.052805938558433,0,0.894024019513817,0.105975980486183,0.0114528877146484,0.988547112285352,0,0,0,2,2,9
92,"HOU","DAL",-1,0,0.146605730753198,0.083642916143959,0.0760578681736043,0,0.703000323346948,0.296999676653052,0.0544651566439012,0.945534843356099,0,0,0,0,6,5
93,"CLE","NOP",0,1,0.144784296649157,0.129818989848889,0,0,0.154543086902816,0.845456913097184,0.704547591067633,0.295452408932367,0,0,0,1,9,8
94,"PHX","WAS",1,0,0.110769086767393,0.0475151419530522,0.00417007970998043,0,0.848191867480608,0.151808132519392,0.122501884515484,0.877498115484516,0,0,2,0,7,4
95,"ORL","LAC",1,1,0.112641137940358,0.0352966315977722,0,0.0044081851981701,0.349286450526529,0.650713549473471,0.982427493930474,0.017572506069526,0,0,2,1,6,6
96,"DEN","PHI",-1,1,0.0862724344727478,0.0588412101304966,0.0214327080691185,0,0.219858106415405,0.780141893584595,0.000870541574687245,0.999129458425313,0,0,0,3,4,7
97,"BOS","SAS",1,0,0.0683237060877185,0.0532455151894105,0.0315269006120693,0.0205002241960652,0.374368313678316,0.625631686321684,0.125858912969834,0.874141087030166,0,0,2,0,7,5
98,"GSW","TOR",-1,0,0.00994659664523412,0.191262751862702,0,0.0156687338623046,0.481570391250918,0.518429608749082,0.141692312256685,0.858307687743315,0,0,1,3,3,5
99,"IND","UTA",0,0,0.271978889928362,0.125838652112707,0.059412912514665,0,0.775582835574504,0.224417164425496,0.608769539765383,0.391230460234617,0,0,0,2,6,6
100,"IND","UTA",1,0,0.202585290729003,0.131487800666316,0.0642285213265085,0,0.640610444393518,0.359389555606482,0.123022450660868,0.876977549339132,0,0,0,0,11,6
101,"PHX","MEM",1,0,0.218770465383953,0.137436474046672,0,0,0.365217561688494,0.634782438311506,0.173196708156787,0.826803291843213,0,0,0,0,8,9
102,"SAC","OKC",1,0,0.0405781307427973,0.0979204169541499,0.025452682605271,0,0.853575426405765,0.146424573594235,0.131129465805064,0.868870534194936,0,0,1,0,7,7
103,"PHX","CHI",0,0,0.112138855810308,0.0335586083523965,0,0,0.221631543875261,0.778368456124739,0.699511303756935,0.300488696243065,0,0,0,0,6,5
104,"POR","MIL",1,0,0.451658999398835,0.223745576729148,0.25324902539157,0.128192457349548,0.847954431332745,0.152045568667255,0.299298672524502,0.700701327475498,0,0,0,1,7,6
105,"LAC","MIN",-1,1,0.0942898750633698,0.0671395103568617,0,0,0.537105123244958,0.462894876755042,0.032337443511719,0.967662556488281,0,0,0,6,4,7
106,"HOU","BKN",1,0,0.046618762003154,0.0737434569704058,0,0.036776149346433,0.0840462102626191,0.915953789737381,0.00998238097593181,0.990017619024068,0,0,1,0,5,6
107,"POR","CLE",1,1,0.0588548897913313,0.017232706413974,0,0.0068041179302395,0.07375506759953,0.92624493240047,0.000630318354066259,0.999369681645934,0,0,3,0,10,6
108,"CHI","BOS",1,1,0.0290988132106595,0.0183350196507105,0,0.00718957711018919,0.207614050624917,0.792385949375083,0.00073231972673167,0.999267680273268,0,0,3,0,7,4
109,"ATL","DAL",-1,0,0.0343557862873139,0.0722194202415727,0,0,0.207061488243352,0.792938511756648,0.125151634770442,0.874848365229558,0,0,0,0,5,5
110,"MEM","DET",-1,0,0.0812618965046722,0.335505878191417,0,0.168332793555562,0.349914532030222,0.650085467969778,0.375869712533624,0.624130287466376,0,0,0,0,6,9
111,"LAL","MIN",0,0,0.0910613016448371,0.0638576158630844,0,0.0338388943150755,0.215784146836863,0.784215853163137,0.717839143164258,0.282160856835742,0,0,0,0,7,6
112,"LAL","MIN",1,1,0.0414912121883426,0.389981354604879,0,0.171400403093922,0.286673364367355,0.713326635632645,0.429513341579947,0.570486658420053,0,0,0,0,5,5
113,"ORL","PHX",1,1,0.144927113384677,0.0256934546273545,0.0278627143726897,0,0.282401534173871,0.717598465826129,0.123663991761949,0.876336008238051,0,0,1,0,6,3
114,"SAS","TOR",1,1,0.0694693230312129,0.0360202196711648,0,0.0426166148219316,0.20207912526397,0.79792087473603,0.022737405628362,0.977262594371638,0,0,1,0,6,5
115,"LAC","CHI",1,1,0.107832184312102,0.0192311072336839,0.024165922877891,0.0386771870268494,0.217398275750605,0.782601724249395,0.132062503770555,0.867937496229445,0,0,0,0,8,5
116,"NYK","SAC",1,0,0.120524557908504,0.112900515180729,0,0.0536476951119081,0.155393304642833,0.844606695357167,0.281938741837253,0.718061258162747,0,0,2,0,9,7
117,"GSW","BOS",0,1,0.122543727020325,0.142297252250665,0,0,0.204336504108128,0.795663495891872,0.719579583730271,0.280420416269729,0,0,0,0,7,7
118,"GSW","BOS",0,0,0.0706133478683502,0.0634249730103092,0,0,0.797983752909125,0.202016247090875,0.707534107995523,0.292465892004477,0,0,0,0,7,6
119,"GSW","BOS",-1,0,0.187126045197576,0.20523240531118,0.083093937907433,0,0.457170423455093,0.542829576544907,0.00987885699346192,0.990121143006538,0,0,0,3,6,9
120,"MIN","DEN",0,0,0.0498543582006175,0.169845131987686,0,0,0.623383850670596,0.376616149329404,0.605950574358526,0.394049425641474,0,0,0,0,4,5
121,"MIN","DEN",1,1,0.0775345311204179,0.197783261645935,0,0.145559845846559,0.28468506994286,0.71531493005714,4.82029514038914e-05,0.999951797048596,0,0,1,0,6,5
122,"WAS","NOP",1,1,0.247231838720767,0.201134069796515,0,0.0997049007843902,0.727430791512849,0.272569208487151,0.182529549300747,0.817470450699253,0,0,2,0,9,5
123,"OKC","UTA",-1,1,0.0333373812537514,0.10235539340051,0.0326794120235154,0,0.838343849821965,0.161656150178035,0.0309702352949299,0.96902976470507,0,0,0,2,6,7
124,"LAC","BKN",-1,0,0.0219619773827829,0.111743141923514,0,0,0.714330037761191,0.285669962238809,0.0325061177428342,0.967493882257166,0,0,0,1,5,8
125,"NOP","CHI",1,0,0.0999599747872255,0.110266153476055,0,0.043787850414634,0.435109143523399,0.564890856476601,0.0428419924224353,0.957158007577565,0,0,0,0,5,5
126,"BOS","CHA",0,0,0.117945809839747,0.217859912984042,0.0409496717406577,0.00143685195533849,0.449810803855401,0.550189196144599,0.992406031556696,0.00759396844330396,0,0,0,2,6,8
127,"WAS","DAL",-1,1,0.0236599315363753,0.0302283994715504,0.0479772322982202,0.0111619220016158,0.990595332958656,0.00940466704134379,0.125151634770442,0.874848365229558,0,0,0,1,5,8
128,"NYK","POR",-1,1,0.0706890802488622,0.220264355430163,0.0166704248903254,0,0.877690032374729,0.122309967625271,0.299298672524502,0.700701327475498,0,0,0,2,5,9
129,"MEM","MIA",1,1,0.0665963516860356,0.0292723691572917,0.0516351716699688,0,0.945881320266522,0.0541186797334781,0.117629484645615,0.882370515354385,0,0,0,0,7,5
130,"UTA","OKC",0,0,0.0503045927322717,0.0998023929138185,0,0,0.84902107751328,0.15097892248672,0.733000178077654,0.266999821922346,0,0,0,0,4,8
131,"LAC","DET",0,0,0.0628195061632714,0.0299663583647044,0,0,0.118441055478587,0.881558944521413,0.690324195555467,0.309675804444533,0,0,1,0,6,3
132,"LAC","DET",-1,0,0.060609418617169,0.227894351755046,0,0,0.559305271363598,0.440694728636402,0.209672125200771,0.790327874799229,0,0,1,0,4,5
133,"NOP","POR",1,1,0.0733799373353223,0.0502440774931106,0,0.0247738930248401,0.036661483831992,0.963338516168008,0.000231204288187373,0.999768795711813,0,0,2,0,8,3
134,"BOS","DET",1,0,0.12365026196196,0.00325066115715489,0.0526539144855779,0.00960754366501615,0.0884811246157204,0.91151887538428,0.119320491877187,0.880679508122813,0,0,3,0,9,5
135,"MIN","NYK",1,0,0.0764768699519504,0.0151757573400453,0,0,0.0535784692424307,0.946421530757569,0.000571193000319035,0.999428806999681,0,0,4,0,13,4
136,"TOR","CHA",0,1,0.160175724915237,0.0207125549252124,0,0,0.168367710990874,0.831632289009126,0.623780218881196,0.376219781118804,0,0,0,0,8,5
137,"OKC","CLE",1,1,0.0601335315175949,0.0755234539948961,0,0.0183752499111643,0.112988813677958,0.887011186322042,0.00288669713464296,0.997113302865357,0,0,1,0,5,7
138,"DET","CHI",0,1,0.0565225319516302,0.0611114245353408,0,0,0.776459573654448,0.223540426345552,0.707539863863272,0.292460136136728,0,0,0,0,4,5
139,"DET","CHI",0,1,0.0427430639742449,0.239431480158942,0,0,0.6400548378305,0.3599451621695,0.70917884212567,0.29082115787433,0,0,0,2,5,5
140,"DET","CHI",0,0,0.0918855105927397,0.307722065696008,0,0,0.376899590107586,0.623100409892414,0.623405933838601,0.376594066161399,0,0,0,0,5,9
141,"DET","CHI",0,1,0.108657410378459,0.110968717369306,0,0,0.271880116258134,0.728119883741866,0.70917884212567,0.29082115787433,0,0,0,0,7,7
142,"DET","CHI",-1,0,0.0580536941348198,0.0929496556003869,0.0389157340603356,0.0207297996435826,0.895175961652732,0.104824038347268,0.133867562584216,0.866132437415784,0,0,0,3,7,6
143,"SAC","MIN",1,0,0.232161941131989,0.0189915012768781,0,0,0.598588930325628,0.401411069674372,0.0108719531776959,0.989128046822304,0,0,3,1,7,4
144,"NOP","DEN",-1,1,0.000925451301953983,0.120850597922301,0,0,0.749782555001362,0.250217444998638,0.00532587088370906,0.994674129116291,0,0,0,5,2,10
145,"ATL","ORL",-1,0,0.0725944991421277,0.0676356937627444,0.012823875603194,0,0.726426452375696,0.273573547624304,0.928556363130469,0.071443636869531,0,0,0,0,5,6
146,"BKN","CHI",-1,0,0.055738374700657,0.0850788092930599,0.0222523930300653,0,0.851860339756446,0.148139660243554,3.42694641198849e-05,0.99996573053588,0,0,0,3,7,5
147,"OKC","LAC",-1,1,0.282334345328203,0.0982495619641467,0.116231179920537,0,0.444495175042548,0.555504824957452,0.445830883968687,0.554169116031313,0,0,0,1,8,8
148,"LAL","DEN",-1,1,0.0157432731169862,0.0361982483501311,0,0,0.878444949711698,0.121555050288302,1.66690766834066e-06,0.999998333092332,0,0,0,3,4,7
149,"DET","MIA",-1,1,0.0832154942286806,0.0950801152831141,0.0380829950349905,0,0.357684166390814,0.642315833609186,0.462771639958784,0.537228360041216,0,0,0,1,5,6
150,"DAL","TOR",1,0,0.130313332379274,0.120323320423829,0,0.0848299619736935,0.0397900831122866,0.960209916887713,0.00872548135663375,0.991274518643366,0,0,1,0,11,4
151,"DAL","BKN",0,0,0.0646331648429474,0.0558645415178292,0,0,0.79833707917008,0.20166292082992,0.696069775393535,0.303930224606465,0,0,0,1,5,6
152,"DAL","BKN",-1,1,0.0663550818548119,0.130318985185679,0,0,0.550727396533712,0.449272603466288,0.425556516735777,0.574443483264223,0,0,0,0,5,6
153,"SAC","IND",-1,0,0.0238306448742293,0.142815024463576,0.0297962221096307,0,0.722364243849,0.277635756151,0.180574273160159,0.819425726839841,0,0,0,0,3,5
154,"HOU","ORL",1,1,0.104495949130215,0.0730704297904632,0.0658653686296638,0,0.552964260313659,0.447035739686341,0.120640182000864,0.879359817999136,0,0,0,0,5,5
155,"SAS","HOU",1,1,0.138226191194402,0.0117169321504978,0,0.0192564917790464,0.028249099519524,0.971750900480476,0.0333469183840192,0.966653081615981,0,0,0,0,10,4
156,"NOP","MIA",0,1,0.0939268481979057,0.0772917813655977,0,0,0.277956551598927,0.722043448401073,0.675415384774835,0.324584615225165,0,0,0,0,6,6
157,"HOU","NOP",1,1,0.210539049001061,0.0334260251144313,0,0.0411223374253631,0.295393678083849,0.704606321916151,0.25551633196977,0.74448366803023,0,0,0,0,6,4
158,"LAC","UTA",-1,0,0.0519346135528128,0.121600279897792,0,0,0.462665922231175,0.537334077768825,0.0143168807778637,0.985683119222136,0,0,0,3,4,8
159,"POR","SAC",-1,0,0.0369824110042324,0.0693596720450365,0,0,0.72763339149718,0.27236660850282,2.49957033793269e-06,0.999997500429662,0,0,0,3,6,10
160,"CLE","PHX",-1,1,0.103589310019801,0.134961935098842,0,0,0.714973748034491,0.285026251965509,0.000217569434753262,0.999782430565247,0,0,0,1,5,8
161,"PHI","UTA",1,0,0.111045549417742,0.0711229507135911,0,0,0.163888221824173,0.836111778175827,0.001922994006191,0.998077005993809,0,0,2,0,8,6
162,"MIA","MEM",0,1,0.121418043315758,0.138768826614845,0,0,0.480438741986183,0.519561258013817,0.701462790806027,0.298537209193973,0,0,0,0,7,4
163,"IND","CHI",0,0,0.148999283699744,0.0835039129677183,0,0,0.835975787695805,0.164024212304195,0.608769539765383,0.391230460234617,0,0,0,0,7,4
164,"IND","CHI",1,1,0.175582761079657,0.0461351377159927,0.010066808643879,0,0.10880609747735,0.89119390252265,0.180163710973154,0.819836289026846,0,0,0,0,7,7
165,"LAC","CHA",-1,1,0.00113454761679898,0.0479463800134568,0,0,0.97150100446609,0.0284989955339099,0.00579095427106502,0.994209045728935,0,0,0,4,2,6
166,"PHI","SAC",-1,1,0.0157061133988572,0.0351343743051025,0.0107281505338418,0,0.640336448096385,0.359663551903615,1.34264501294723e-07,0.999999865735499,0,0,0,2,3,4
167,"WAS","TOR",1,1,0.0817464231366378,0.0206269880037125,0.0729373665556444,0,0.055322019421609,0.944677980578391,0.126051108824738,0.873948891175262,0,0,1,0,9,5
168,"GSW","HOU",-1,1,0.00230095211133474,0.0239306654724427,0.00219897436722172,0,0.920354895045136,0.0796451049548644,0.00050606196438574,0.999493938035614,0,0,0,1,5,6
169,"MIL","IND",-1,0,0.0666418699811461,0.108602164328065,0,0,0.971609285946836,0.028390714053164,0.0308661828907021,0.969133817109298,0,0,0,2,8,8
170,"PHX","OKC",1,1,0.206353638033484,0.114250175692424,0,0.0267883949319252,0.441350820135849,0.558649179864151,0.0324341747061334,0.967565825293867,0,0,3,0,7,5
171,"BKN","BOS",-1,1,0.124882590070132,0.0747197695386228,0.071173932657717,0,0.881432625343582,0.118567374656418,0.130013180881291,0.869986819118709,0,0,0,0,8,10
172,"DEN","GSW",0,1,0.185960143428959,0.0594054899006047,0,0.072243044652206,0.144700883300493,0.855299116699507,0.205990391446738,0.794009608553262,0,0,0,0,8,4
173,"DEN","GSW",1,1,0.144682210967633,0.132094373122808,0.00057448215147396,0,0.453494078310007,0.546505921689993,0.121496307490504,0.878503692509496,0,0,1,0,7,5
174,"MEM","UTA",0,0,0.07724619776592,0.232576896200029,0,0,0.290544226251084,0.709455773748916,0.61335272612414,0.38664727387586,0,0,0,0,5,7
175,"MEM","UTA",1,0,0.139133686569653,0.0145864908526616,0,0,0.622925259867285,0.377074740132715,0.00761100690362404,0.992388993096376,0,0,2,0,7,2
176,"CHI","TOR",-1,0,0.113142835746682,0.142636078461279,0,0.00582325791214389,0.163726765918721,0.836273234081279,0.302365378773036,0.697634621226964,0,0,0,3,5,7
177,"IND","MIA",0,1,0.0527309225041436,0.15726769181435,0,0,0.349675858723804,0.650324141276196,0.185356103832765,0.814643896167235,0,0,0,1,4,7
178,"IND","MIA",1,0,0.0836369407920038,0.121016015654658,0.0169002865503553,0.066081759537311,0.429769618198503,0.570230381801497,0.133410182794883,0.866589817205117,0,0,2,0,5,6
179,"HOU","UTA",-1,0,0.112046789126545,0.0829053073470894,0,0,0.523306397535111,0.476693602464889,0.141544418973616,0.858455581026384,0,0,0,3,6,4
180,"SAC","DAL",0,0,0.211471179682097,0.0948536883432303,0,0,0.555789430826607,0.444210569173393,0.179375774144586,0.820624225855414,0,0,0,0,8,6
181,"SAC","DAL",0,1,0.0700681327913931,0.174026897057423,0,0,0.645280168181212,0.354719831818788,0.690959303989378,0.309040696010622,0,0,0,0,6,6
182,"SAC","DAL",1,0,0.011971249693401,0.0533951192667065,0.0897871277224318,0,0.729411539254161,0.270588460745839,0.28219347819237,0.71780652180763,0,0,0,0,6,5
183,"DET","BOS",-1,0,0.0384510082349632,0.0989627494411256,0,0,0.43745493938837,0.56254506061163,0.0161528726315513,0.983847127368449,0,0,0,2,4,6
184,"DEN","MIN",-1,1,0.0745068406898316,0.11817561856133,0,0,0.626585505542764,0.373414494457236,0.00856721734662191,0.991432782653378,0,0,0,1,5,8
185,"LAL","SAC",1,1,0.12933110775826,0.0249939747167644,0,0,0.352876030450018,0.647123969549982,0.12727584956181,0.87272415043819,0,0,1,0,8,5
186,"OKC","LAL",-1,1,0.0621996615872737,0.123789877359275,0.0099589964673138,0,0.44498464115812,0.55501535884188,0.0282509060202484,0.971749093979752,0,0,0,2,6,8
187,"DAL","MIL",1,1,0.0686500557125514,0.0462095301221769,0,0,0.457500512988819,0.542499487011181,0.472481230348803,0.527518769651197,0,0,0,0,6,5
188,"IND","NOP",-1,1,0.0858255309343879,0.0376945676446239,0.0481135944841294,0,0.846876230122237,0.153123769877763,0.018554814048161,0.981445185951839,0,0,0,1,6,5
189,"NYK","SAS",1,0,0.167012963348701,0.0669649090714452,0,0,0.165049160093774,0.834950839906226,0.373584648507206,0.626415351492794,0,0,0,0,7,5
190,"CHA","DEN",1,0,0.0453397331854379,0.00890050287246624,0.0278560633248093,0,0.0278836766439627,0.972116323356037,0.131938839355789,0.868061160644211,0,0,0,0,7,4
191,"IND","HOU",0,0,0.0391270689192042,0.0583741327713692,0,0,0.634266200600285,0.365733799399715,0.7157160568192,0.2842839431808,0,0,0,0,6,5
192,"IND","HOU",0,1,0.0692503613446201,0.112633075164597,0,0.0710133223574627,0.837028468714601,0.162971531285399,0.967489973570675,0.032510026429325,0,0,0,0,5,7
193,"NOP","LAC",0,1,0.0585254583548867,0.0230912994075687,0,0,0.275591639448288,0.724408360551712,0.722246404009421,0.277753595990579,0,0,1,2,5,5
194,"NOP","LAC",1,0,0.212216942202303,0.0511692618259024,0,0,0.466927218596584,0.533072781403416,0.0476882374672434,0.952311762532757,0,0,2,0,8,3
195,"BOS","MEM",1,0,0.0603165388336985,0.128302348309477,0.0091041708972651,0.00905673351872138,0.343785286371885,0.656214713628115,0.119320491877187,0.880679508122813,0,0,3,0,6,8
196,"OKC","POR",1,1,0.0483342496779003,0.0346824880576083,0,0.0445584910082779,0.910819868357449,0.0891801316425513,0.00544874454185352,0.994551255458146,0,0,2,0,5,7
197,"CLE","DAL",0,1,0.0626532984861154,0.147662207597185,0,0,0.78662262418845,0.21337737581155,0.661153581225963,0.338846418774037,0,0,0,0,3,5
198,"CLE","DAL",-1,0,0.0923105286300318,0.174620767369595,0,0,0.364897547117784,0.635102452882216,4.92055533494185e-05,0.999950794446651,0,0,0,1,5,8
199,"NOP","LAL",1,0,0.098410879887457,0.0883977027481792,0,0,0.729066528406681,0.270933471593319,0.0111434163772987,0.988856583622701,0,0,1,0,6,6
200,"CHI","MIL",1,1,0.123336076698816,0.0285653787144679,0,0,0.468462383413249,0.531537616586751,9.90181307052856e-08,0.999999900981869,0,0,2,0,7,4
201,"OKC","MIN",-1,1,0.0586567769676828,0.0670049871804028,0.0042242913890943,0,0.845821581888603,0.154178418111397,0.00713748039071305,0.992862519609287,0,0,0,2,6,8
202,"GSW","DEN",1,0,0.123423386297037,0.0180042588020534,0,0,0.0396181860695909,0.960381813930409,0.296478253332028,0.703521746667972,0,0,2,0,9,6
203,"MIN","HOU",1,1,0.0605254817013836,0.0448153637805839,0,0.0345833128483934,0.168084607140329,0.831915392859671,0.120511317342942,0.879488682657058,0,0,0,0,4,6
204,"MIL","WAS",1,1,0.0669638843278721,0.0159546430910025,0,0.00365073613498501,0.078764593946376,0.921235406053624,0.00537193696075892,0.994628063039241,0,0,3,0,10,5
205,"DET","MEM",1,0,0.0341481569479089,0.0886446370976446,0,0,0.894294467631939,0.105705532368061,0.017997188529616,0.982002811470384,0,0,1,0,5,5
206,"TOR","ORL",0,1,0.0203586775181273,0.173866078251456,0,0,0.70068881531157,0.29931118468843,0.718278500592961,0.281721499407039,0,0,0,0,5,8
207,"TOR","ORL",-1,0,0.0142466019075711,0.0865808722653399,0,0.0610555233529781,0.891712343599129,0.108287656400871,0.123663991761949,0.876336008238051,0,0,0,1,6,7
208,"CHI","PHI",0,1,0.039130671062186,0.112875211908136,0,0,0.368803859841456,0.631196140158544,0.712045161780959,0.287954838219041,0,0,0,0,5,5
209,"CHI","PHI",-1,0,0.0439665243660539,0.166792111653255,0,0,0.634088445022254,0.365911554977746,0.0393466561330063,0.960653343866994,0,0,0,2,4,7
210,"CLE","SAS",1,1,0.053770923684879,0.0172890017990186,0,0.00530099516179383,0.025360694774696,0.974639305225304,2.61995545941337e-06,0.999997380044541,0,0,3,0,11,6
211,"SAC","UTA",-1,0,0.0767032334611883,0.0487867996769599,0.0510222686407851,0,0.911482084385544,0.088517915614456,0.283978228650878,0.716021771349122,0,0,0,1,7,7
212,"MIA","DEN",-1,1,0.0733992039398687,0.153248786685234,0.0463217373810818,0,0.785797562839104,0.214202437160896,0.0467803270054956,0.953219672994504,0,0,0,2,4,6
213,"ATL","MIL",0,0,0.119468753664406,0.160416242548204,0,0,0.554333788459903,0.445666211540097,0.72138916108648,0.27861083891352,0,0,0,0,6,4
214,"CHA","NOP",1,0,0.0703759080525014,0.0680400787583475,0,0,0.375157624018895,0.624842375981105,0.297832852341176,0.702167147658824,0,0,0,0,5,5
215,"BOS","WAS",-1,0,0.232323810051213,0.153513428288966,0,0,0.649853516806642,0.350146483193358,0.197033399370486,0.802966600629514,0,0,0,3,7,6
216,"IND","DEN",1,0,0.0314838793843011,0.110847489450668,0.00472825805377353,0.0384577992821685,0.72739480389455,0.27260519610545,0.137374339684978,0.862625660315022,0,0,2,0,7,6
217,"UTA","CHA",0,1,0.131065589945199,0.121324766030325,0,0,0.622451682094109,0.377548317905891,0.614658724724204,0.385341275275796,0,0,2,0,6,5
218,"UTA","CHA",0,1,0.133521458246448,0.144929645226742,0,0.0771978025994712,0.62409379403731,0.37590620596269,0.695476869131117,0.304523130868883,0,0,1,0,9,5
219,"UTA","CHA",1,0,0.0591877558716538,0.0396182876089386,0,0,0.10895655277281,0.89104344722719,0.00300239021071302,0.996997609789287,0,0,2,0,5,3
220,"BOS","DAL",0,1,0.0691639452301341,0.205751391516682,0,0,0.372086154611194,0.627913845388806,0.607596710931947,0.392403289068053,0,0,1,0,4,7
221,"BOS","DAL",1,1,0.0403657822127066,0.0510660772578339,0,0,0.206037970248205,0.793962029751795,0.0138765033964989,0.986123496603501,0,0,4,0,8,5
222,"HOU","LAC",0,1,0.0751454468200609,0.059853939481416,0.00230115198062558,0,0.017029283105503,0.982970716894497,0.669659698802847,0.330340301197153,0,0,3,0,7,6
223,"NOP","MEM",1,0,0.0904500840825028,0.0558351283726949,0,0.0265530602250761,0.11718520269273,0.88281479730727,0.158369746080081,0.841630253919919,0,0,2,0,5,4
224,"PHI","NYK",0,1,0.119485951199971,0.0939351556056098,0,0,0.644757428238199,0.355242571761801,0.59715951960408,0.40284048039592,0,0,0,0,5,6
225,"PHI","NYK",0,0,0.158489780150461,0.0535687325965133,0,0,0.624989761470364,0.375010238529636,0.598779922976868,0.401220077023132,0,0,1,0,8,3
226,"IND","PHX",-1,0,0.0132295325722224,0.0367850332071956,0.00179649835091211,0,0.960914471083112,0.039085528916888,0.00132398696261027,0.99867601303739,0,0,0,3,6,9
227,"MIN","DAL",0,1,0.0649224166709892,0.0989521767707562,0,0,0.539963743514517,0.460036256485483,0.597672937791257,0.402327062208743,0,0,0,0,5,5
228,"UTA","NYK",0,0,0.101185860410902,0.208826453480452,0,0.0645318613861559,0.438310635726171,0.561689364273829,0.693432437140162,0.306567562859838,0,0,1,0,7,7
229,"MEM","DEN",-1,1,0.0362327969350157,0.0599007251586058,0,0,0.709477240579815,0.290522759420185,0.0103557116885555,0.989644288311444,0,0,0,1,4,6
230,"ATL","SAC",1,1,0.0372181916322967,0.0519697192133272,0,0,0.272069133890976,0.727930866109024,0.033221296723066,0.966778703276934,0,0,1,0,7,5
231,"OKC","DAL",-1,0,0.0957886576028531,0.103268827743402,0.039426452276266,0.0205197115398471,0.92426537687393,0.07573462312607,0.125151634770442,0.874848365229558,0,0,0,0,7,7
232,"MIL","HOU",1,1,0.0659655866227075,0.0194597481448613,0,0.0232982915664815,0.038367933056232,0.961632066943768,0.0104482884710283,0.989551711528972,0,0,1,0,6,5
233,"CHA","ORL",0,0,0.399115004244649,0.136089552524372,0.149126065077663,0,0.119093936121728,0.880906063878272,0.616476987826024,0.383523012173976,0,0,0,2,9,9
234,"CHA","ORL",-1,1,0.0345975005542978,0.120353764947878,0,0,0.778985218532987,0.221014781467013,0.0107724043639656,0.989227595636034,0,0,0,2,6,8
235,"DET","DEN",1,0,0.110958003948362,0.255096813068601,0,0.123333525935764,0.453759012154267,0.546240987845733,0.877259997192259,0.122740002807741,0,0,1,1,8,3
236,"MEM","MIN",1,1,0.126928719740824,0.0310973496917495,0,0,0.348733420749136,0.651266579250864,4.69664298694135e-05,0.999953033570131,0,0,1,0,8,3
237,"ATL","PHX",0,0,0.0497459958725989,0.350043368923633,0,0,0.115362974822583,0.884637025177417,0.607622085651905,0.392377914348095,0,0,0,0,6,8
238,"MIA","CHI",-1,0,0.0538554899745991,0.163418906026296,0,0,0.557546016485222,0.442453983514778,0.000636384849156513,0.999363615150843,0,0,0,1,5,6
239,"ORL","MEM",0,1,0.275117482543529,0.187566574508561,0.171094054365087,0,0.395063162136813,0.604936837863187,0.721179372436926,0.278820627563074,0,0,0,0,5,7
240,"HOU","NOP",-1,0,0.373973181699164,0.189986847524812,0.192629714166476,0,0.642226896182352,0.357773103817648,0.343040764372825,0.656959235627175,0,0,0,0,8,5
241,"CHA","SAC",1,1,0.0854380485071228,0.0769036177640724,0.0545478172801294,0,0.882407286917814,0.117592713082186,0.557517614068295,0.442482385931705,0,0,0,0,5,7
242,"CHA","SAC",0,0,0.183119540481615,0.0802127527291191,0,0,0.459335830415844,0.540664169584156,0.616476987826024,0.383523012173976,0,0,0,0,8,4
243,"CHA","SAC",-1,0,0.0628842184358797,0.0793089285365046,0,0,0.37944219726314,0.62055780273686,0.449172334645194,0.550827665354806,0,0,0,0,5,7
244,"DET","UTA",-1,1,0.0161104350715003,0.176301922336473,0,0.0140330988587006,0.845834212654609,0.154165787345391,0.125987168931457,0.874012831068543,0,0,0,2,4,8
245,"MIA","BKN",-1,0,0.0306680436683441,0.0438137512572486,0,0,0.649425492566002,0.350574507433998,0.000223924617160032,0.99977607538284,0,0,0,3,5,6
246,"LAC","IND",-1,0,0.0882830433860994,0.0806179941453719,0.0925505280437016,0,0.919135815353148,0.080864184646852,0.28304939918734,0.71695060081266,0,0,0,0,5,5
247,"DAL","LAL",-1,0,0.112546819947308,0.127181482417,0,0,0.540009600797249,0.459990399202751,0.258797226529732,0.741202773470268,0,0,0,0,6,6
248,"OKC","NYK",0,1,0.0771053993315784,0.139366252010759,0,0,0.649092003552072,0.350907996447928,0.691992468608321,0.308007531391679,0,0,0,0,6,6
249,"LAC","ATL",-1,0,0.191985254493259,0.186838766304403,0.046383592078403,0,0.691830155078196,0.308169844921804,0.203088350217275,0.796911649782725,0,0,0,1,6,6
250,"OKC","MIN",-1,0,0.0433335362583497,0.143273425495553,0.0100108012350334,0,0.847148134498786,0.152851865501214,3.07588649695045e-05,0.99996924113503,0,0,0,3,5,10
251,"DEN","WAS",-1,0,0.0228369306938811,0.0793636453476492,0,0,0.833100017266167,0.166899982733833,0.000802686830746357,0.999197313169254,0,0,0,6,4,7
252,"MIA","MIL",-1,0,0.0511740657371128,0.170352692308328,0,0,0.536596642811972,0.463403357188028,0.0476239682539088,0.952376031746091,0,0,0,3,4,6
253,"WAS","HOU",-1,1,0.10145239058845,0.0979978887464591,0.0165551712037714,0,0.280983445036834,0.719016554963166,0.953917549760593,0.046082450239407,0,0,0,0,6,7
254,"DEN","IND",0,0,0.130915674005402,0.143348688702356,0,0,0.452860433429585,0.547139566570415,0.610496126970012,0.389503873029988,0,0,0,0,7,4
255,"DEN","IND",1,1,0.0319458991379617,0.144557422535065,0,0.0593436350036306,0.217057642754416,0.782942357245584,0.078276371631257,0.921723628368743,0,0,2,0,5,5
256,"SAC","MEM",1,0,0.0801103009865354,0.00338222575885916,0,0,0.062528485012683,0.937471514987317,0.0493759830140973,0.950624016985903,0,0,3,0,9,4
257,"BKN","NOP",1,1,0.0930975502837075,0.157813288335518,0,0,0.368000045997665,0.631999954002335,0.283531913101907,0.716468086898093,0,0,0,0,6,5
258,"GSW","PHI",0,0,0.10436876633159,0.0405696574558324,0,0,0.987808976429617,0.012191023570383,0.639453356612161,0.360546643387839,0,0,0,0,8,6
259,"DET","TOR",1,0,0.0257752573773479,0.0104149045205174,0,0.00723657518883102,0.00625605228645147,0.993743947713549,2.39712228229325e-06,0.999997602877718,0,0,5,0,11,6
260,"BOS","ORL",1,0,0.0261957011339698,0.0124036478850833,0,0.00184783081411433,0.0883836098241098,0.91161639017589,0.999999588184431,4.11815568979179e-07,0,0,8,0,14,6
261,"MIN","POR",1,1,0.0503021169391548,0.0117130186582132,0,0.008236863235624,0.0190355597776311,0.980964440222369,3.07588649695422e-05,0.99996924113503,0,0,2,0,10,5
262,"DET","BKN",-1,1,0.0622988147486011,0.120804769642977,0.0365636003888933,0,0.379833652131872,0.620166347868128,0.00551625414203027,0.99448374585797,0,0,0,1,5,6
263,"CLE","IND",0,0,0.061440499949075,0.0880541868135706,0,0,0.208370027766576,0.791629972233424,0.714144352254792,0.285855647745208,0,0,0,0,4,6
264,"CLE","IND",-1,0,0.13434569569385,0.109744177352488,0,0,0.60087334891365,0.39912665108635,0.000595899784883946,0.999404100215116,0,0,0,2,4,5
265,"CHI","UTA",0,0,0.22409771892427,0.150364051734325,0,0,0.532082514373057,0.467917485626943,0.687738299438466,0.312261700561534,0,0,0,0,6,5
266,"MIN","LAL",1,0,0.10166215440236,0.0457800840589175,0,0,0.151426119714928,0.848573880285072,0.0296128832127647,0.970387116787235,0,0,4,0,7,5
267,"MIA","DAL",-1,1,0.038552098789727,0.0907326949224996,0.00541894946127586,0,0.787765870823486,0.212234129176514,0.128913786544655,0.871086213455345,0,0,0,1,5,5
268,"ORL","OKC",1,0,0.0366066371370181,0.154002454781685,0.0610555233529781,0,0.464531947403213,0.535468052596787,0.123663991761949,0.876336008238051,0,0,0,0,6,6
269,"CHI","SAC",-1,1,0.0851678755036996,0.128138250759095,0.0446601566124757,0.00575956164471914,0.964191575842961,0.0358084241570389,0.00558537959116312,0.994414620408837,0,0,1,2,5,10
270,"DEN","UTA",1,1,0.0558981138260975,0.0132989628067051,0,0.0269166227170657,0.35233754761738,0.64766245238262,0.0399986475565751,0.960001352443425,0,0,1,0,5,4
271,"LAL","NOP",-1,1,0.0278368697450091,0.0663189004062268,0,0.00705615093537867,0.958869959405476,0.0411300405945239,0.127920933066539,0.872079066933461,0,0,0,2,5,6
272,"MIA","CHA",-1,0,0.121873211547134,0.0508001018811517,0.00735129498889242,0,0.623293885117841,0.376706114882159,0.994209045728935,0.00579095427106502,0,0,0,2,7,6
273,"BOS","CLE",-1,1,0.101368791940988,0.0589276952580066,0,0,0.768651332721799,0.231348667278201,0.274622078179533,0.725377921820467,0,0,2,0,9,5
274,"CHI","DEN",1,0,0.0786836715174587,0.198663473313793,0,0.0962491817908582,0.55776343307946,0.44223656692054,0.000175522562548529,0.999824477437452,0,0,2,0,7,4
275,"MIL","UTA",1,0,0.0678339721307695,0.0887781276710045,0,0.0571041432473001,0.162964400868983,0.837035599131017,0.130530441449824,0.869469558550176,0,0,2,0,4,6
276,"WAS","CHA",1,0,0.0956233838553849,0.107096153307912,0,0,0.462657051931602,0.537342948068398,0.0109804906668349,0.989019509333165,0,0,3,1,7,5
277,"DAL","MEM",0,1,0.126212466274703,0.0803103840672307,0,0,0.843541594857233,0.156458405142767,0.297012451070677,0.702987548929323,0,0,0,0,5,7
278,"DAL","MEM",-1,0,0.268693279257688,0.061621642862184,0.149247195541177,0,0.629024827869332,0.370975172130668,0.973730137365011,0.026269862634989,0,0,0,1,5,4
279,"BKN","PHI",1,1,0.0378962919070487,0.153395893342005,0,0.0530624068330537,0.727118417326305,0.272881582673695,0.00551625414203024,0.99448374585797,0,0,3,0,5,5
280,"LAL","SAS",1,0,0.0499686528373305,0.0938422049138288,0,0.0363644497889548,0.290555060010368,0.709444939989632,0.00979093054263672,0.990209069457363,0,0,2,0,6,5
281,"DEN","NYK",-1,1,0.0276381134945127,0.0829205265675187,0,0,0.928457622645503,0.0715423773544969,0.000593525833214037,0.999406474166786,0,0,0,2,5,7
282,"ATL","ORL",0,1,0.165643930352358,0.0430255652975104,0,0,0.074190868729298,0.925809131270702,0.714797454380202,0.285202545619798,0,0,0,0,7,5
283,"ORL","ATL",0,1,0.112364065655515,0.0671400820761697,0,0,0.468093438440406,0.531906561559594,0.677124484417756,0.322875515582244,0,0,0,0,7,6
284,"DEN","BKN",1,0,0.113310611204806,0.0222113358169732,0,0,0.460848419130893,0.539151580869107,0.283531913101907,0.716468086898093,0,0,0,0,6,4
285,"LAL","IND",1,0,0.0975392286034513,0.00737153217548181,0,0,0.547345836439668,0.452654163560332,0.00054443177191257,0.999455568228087,0,0,2,0,10,2
286,"POR","MEM",0,1,0.384695847834433,0.095313770969127,0,0,0.449587301075016,0.550412698924984,0.182455516462357,0.817544483537643,0,0,1,0,9,5
287,"LAC","PHI",0,1,0.0329302713278649,0.0536201881114018,0,0,0.166984922044121,0.833015077955879,0.677853021299287,0.322146978700713,0,0,0,0,4,6
288,"UTA","DAL",0,1,0.133731008993797,0.0283519641420621,0.0045106844574308,0,0.531940855350165,0.468059144649835,0.72333166328614,0.27666833671386,0,0,3,0,8,6
289,"UTA","DAL",0,1,0.06977716195808,0.0296704202435106,0,0,0.650547928686396,0.349452071313604,0.711245932449626,0.288754067550374,0,0,0,0,6,3
290,"BOS","MIL",1,0,0.182450656680202,0.0675961403061318,0,0,0.151643831306898,0.848356168693102,0.323677364243637,0.676322635756363,0,0,0,0,5,4
291,"WAS","NYK",-1,0,0.0459017574903981,0.0763090044453305,0.0251988502335975,0.00901419805612449,0.883199036763145,0.116800963236855,0.122532751339275,0.877467248660725,0,0,0,5,5,7
292,"LAC","BOS",0,0,0.0774726972843138,0.0879514768867792,0,0,0.837658275600237,0.162341724399763,0.682269794012163,0.317730205987837,0,0,0,1,4,8
293,"LAC","BOS",1,0,0.0909789269557291,0.0924808591744384,0,0.0482805899806125,0.788804964649959,0.211195035350041,0.010682628866045,0.989317371133955,0,0,1,0,5,5
294,"TOR","MIN",1,0,0.12003064153597,0.00849397606025404,0,0,0.37075332710024,0.62924667289976,0.000636848204243471,0.999363151795757,0,0,3,0,5,3
295,"UTA","NOP",1,1,0.0629484434082117,0.0167982921597488,0,0,0.364455200683327,0.635544799316673,0.00681136923420278,0.993188630765797,0,0,2,0,5,3
296,"SAS","ORL",-1,1,0.0447990923789213,0.196332197588168,0,0,0.10798108866838,0.89201891133162,0.196211573602468,0.803788426397532,0,0,0,0,4,8
297,"SAC","PHI",-1,0,0.0390498776105899,0.0729206688580767,0.0315712890679942,0,0.219773752818615,0.780226247181385,0.0522061751703444,0.947793824829656,0,0,0,1,5,5
298,"MIA","ATL",-1,0,0.015514719294333,0.102576789764928,0,0,0.920881283742883,0.079118716257117,0.0482557544681885,0.951744245531811,0,0,0,4,4,10
299,"MIN","MEM",1,0,0.0382417497552039,0.0510173558042416,0,0,0.159140165212601,0.840859834787399,0.0337728527137809,0.966227147286219,0,0,4,0,6,4
300,"CHA","MIL",-1,1,0.244455101223276,0.127774902793199,0.133777886035489,0.00499518111023375,0.786668946572932,0.213331053427068,0.126417471313061,0.873582528686939,0,0,0,1,4,7
301,"IND","OKC",-1,1,0.100466836362117,0.12248324116979,0,0.0054605588585003,0.106137148846326,0.893862851153674,0.121621039887717,0.878378960112283,0,0,0,2,7,8
302,"DAL","ORL",0,1,0.0773131885394879,0.0749806277334008,0,0,0.534696281074072,0.465303718925928,0.700119203804728,0.299880796195272,0,0,0,0,6,6
303,"MIL","ATL",0,1,0.0193988073701079,0.163665479648775,0,0,0.710264550842545,0.289735449157455,0.221087452504333,0.778912547495667,0,0,0,1,3,7
304,"MIL","ATL",0,0,0.131303784971894,0.120708278088882,0,0,0.272786991909852,0.727213008090148,0.674396899129362,0.325603100870638,0,0,0,1,7,7
305,"GSW","LAC",-1,1,0.0196279127163774,0.0179161987569552,0.0189864329004429,0.044574898062232,0.994074526337663,0.00592547366233742,0.135722031368215,0.864277968631785,0,0,0,1,8,9
306,"NOP","DET",-1,0,0.0170314870758759,0.0371261067591185,0,0,0.92291388849149,0.07708611150851,3.57375583649455e-05,0.999964262441635,0,0,0,3,3,11
307,"IND","ORL",-1,1,0.107846708011026,0.104794705060392,0,0.0610555233529781,0.706453971254157,0.293546028745843,0.123663991761949,0.876336008238051,0,0,0,0,6,7
308,"UTA","POR",1,1,0.167913919303565,0.121826000534547,0,0,0.293794058229917,0.706205941770083,0.0107509684648401,0.98924903153516,0,0,2,0,9,6
309,"IND","MIA",0,0,0.125815781850066,0.170100137821875,0,0,0.64224209535255,0.35775790464745,0.604251980172158,0.395748019827842,0,0,0,0,7,6
310,"BOS","MIN",1,1,0.061517865573384,0.0119098808558726,0,0.00425884585279213,0.017098069297537,0.982901930702463,0.252999522242004,0.747000477757996,0,0,4,0,10,4
311,"SAC","DEN",-1,1,0.171839468270055,0.0815151289482405,0.114665401903292,0,0.351494764463602,0.648505235536398,0.00191948920696505,0.998080510793035,0,0,0,1,5,6
312,"HOU","UTA",0,0,0.07465273667736,0.281210537338085,0,0.102210757213092,0.272765785839467,0.727234214160533,0.611611868881906,0.388388131118094,0,0,1,0,6,6
313,"HOU","UTA",1,0,0.122505399198402,0.436396719480201,0.0658653686296638,0.223642712571512,0.298683532920632,0.701316467079368,0.120640182000864,0.879359817999136,0,0,0,0,7,6
314,"WAS","CHI",1,0,0.0103545342246109,0.00263527358712545,0,0.00506873216933179,0.0396817970219042,0.960318202978096,0.000272177671742046,0.999727822328258,0,0,1,0,6,6
315,"NYK","IND",1,1,0.104247894275743,0.0487477595647662,0.0319241995734106,0.0473204089485421,0.352177165183487,0.647822834816513,0.122532751339275,0.877467248660725,0,0,1,0,7,4
316,"MIL","BOS",1,0,0.0438247931282292,0.00963699079195823,0,0,0.0549782145350078,0.945021785464992,3.71717920151032e-05,0.999962828207985,0,0,4,0,10,4
317,"OKC","NOP",1,0,0.0540552247053827,0.0117741058672468,0,0.0102325952634785,0.0289015234852105,0.97109847651479,0.0718864620827862,0.928113537917214,0,0,1,0,7,5
318,"DEN","DAL",0,0,0.0441328178987146,0.0403760721696209,0,0,0.924143491489179,0.075856508510821,0.713751644570381,0.286248355429619,0,0,0,0,6,5
319,"CHA","IND",-1,0,0.0760848417724244,0.044042395791388,0,0,0.635763065635319,0.364236934364681,0.449518189189705,0.550481810810295,0,0,0,0,6,5
320,"CLE","TOR",1,1,0.0478514858806481,0.0537286530865326,0,0,0.539293012592736,0.460706987407264,0.295353359154713,0.704646640845287,0,0,0,0,4,4
321,"MIN","NOP",-1,0,0.0334857347645406,0.0671832582420592,0,0,0.373092059833006,0.626907940166994,0.269206032935709,0.730793967064291,0,0,0,0,5,5
322,"GSW","OKC",0,0,0.0528813253049188,0.210831497439346,0,0.122808371762263,0.0964243202414669,0.903575679758533,0.731580701544084,0.268419298455916,0,0,0,0,5,7
323,"GSW","OKC",-1,0,0.201273049022271,0.0611436679309302,0,0.0556122861622193,0.442621121639789,0.557378878360211,0.121621039887717,0.878378960112283,0,0,0,0,7,8
324,"MEM","PHX",1,0,0.0253851674287876,0.0343674239210113,0,0.00640330824142421,0.0419562324492835,0.958043767550717,0.999314813272057,0.000685186727943156,0,0,1,0,5,5
325,"BKN","UTA",-1,1,0.0330909649859707,0.137204665784296,0.00243977862402767,0,0.922992044292438,0.0770079557075622,0.260915066785145,0.739084933214855,0,0,0,3,5,9
326,"UTA","BOS",1,1,0.070633335343903,0.0427138020877229,0,0,0.368577912442068,0.631422087557932,0.0102024201772397,0.98979757982276,0,0,3,0,6,4
327,"IND","CLE",1,1,0.145087126849053,0.115506901566772,0,0,0.559371599392936,0.440628400607064,0.0412944727338608,0.958705527266139,0,0,2,0,7,6
328,"ATL","GSW",0,0,0.0831708430568077,0.0812432473962217,0,0,0.372477755729496,0.627522244270504,0.726678044443258,0.273321955556742,0,0,0,0,4,6
329,"ATL","GSW",1,0,0.0295747064115548,0.140451597508011,0,0.0354953518398811,0.461590814354945,0.538409185645055,0.00713856099055099,0.992861439009449,0,0,1,0,4,6
330,"NOP","HOU",1,1,0.125442771878879,0.022708392774326,0,0,0.877614634874714,0.122385365125286,0.0105494451910081,0.989450554808992,0,0,2,0,7,4
331,"OKC","LAC",1,0,0.0687355083463374,0.104936937397813,0,0.0401392953615163,0.856751641581491,0.143248358418509,0.0100725078944117,0.989927492105588,0,0,1,0,8,6
332,"IND","MIL",-1,1,0.0465466681479365,0.0860365157575448,0.0281607342437135,0,0.922243241412461,0.0777567585875389,0.00992560031166601,0.990074399688334,0,0,0,2,6,10
333,"SAC","DAL",-1,1,0.00113362283244822,0.0652385488125981,0,0,0.986632235309927,0.0133677646900733,0.00144270241303179,0.998557297586968,0,0,0,4,2,10
334,"NYK","BOS",1,0,0.150770050291577,0.0723246671302475,0,0,0.888123311250162,0.111876688749838,0.373584648507206,0.626415351492794,0,0,0,0,7,6
335,"BKN","DEN",0,1,0.102397411049646,0.165420509078992,0,0,0.272498922680847,0.727501077319153,0.603344992509567,0.396655007490433,0,0,0,0,6,7
336,"BKN","DEN",-1,1,0.0266366380227971,0.0882359829513729,0,0,0.559275097395598,0.440724902604402,0.449223552534519,0.550776447465481,0,0,0,0,7,7
337,"POR","TOR",1,1,0.174406257021733,0.0335010654683356,0,0.00277946882815194,0.205180931031084,0.794819068968916,0.299298672524502,0.700701327475498,0,0,2,0,11,5
338,"IND","WAS",-1,1,0.11085913818667,0.104958218570236,0,0,0.366195488637713,0.633804511362287,0.440996421037014,0.559003578962986,0,0,0,0,7,4
339,"DAL","DEN",0,1,0.410415601292835,0.10425670322214,0.144247532537945,0,0.546077611046976,0.453922388953024,0.607596710931947,0.392403289068053,0,0,0,2,7,5
340,"DAL","DEN",1,0,0.0762785375661795,0.10962367944686,0,0,0.556496831134114,0.443503168865886,0.28219347819237,0.71780652180763,0,0,0,0,5,5
341,"PHI","MIA",1,1,0.0446338197974423,0.0336228265538953,0,0,0.149542593088818,0.850457406911182,0.00106062431559457,0.998939375684405,0,0,4,0,5,4
342,"MIN","CHA",1,0,0.0325539381977774,0.0261343299443263,0,0.0184879784820538,0.00602973188627041,0.99397026811373,3.783662195088e-05,0.999962163378049,0,0,3,0,9,6
343,"MEM","CLE",-1,1,0.0454060187201372,0.0980365094972162,0,0.0467190309788766,0.545393463603926,0.454606536396074,0.12840070514035,0.87159929485965,0,0,0,4,5,9
344,"SAC","NOP",1,1,0.100399798448548,0.156401914455981,0.00927806443513449,0.0569554049251797,0.786817766719482,0.213182233280518,0.13514681549939,0.86485318450061,0,0,1,0,6,7
345,"WAS","POR",0,0,0.24354115260343,0.0831521961190395,0,0,0.462473159882616,0.537526840117384,0.611823517664185,0.388176482335815,0,0,0,0,9,2
346,"NOP","MEM",0,1,0.119850791309861,0.059649378966037,0,0,0.111047842037394,0.888952157962606,0.696444672851733,0.303555327148267,0,0,0,0,7,5
347,"MIN","OKC",0,0,0.20903420641118,0.182156141246587,0,0,0.370477265338942,0.629522734661058,0.604360852055116,0.395639147944884,0,0,0,0,8,10
348,"MIA","TOR",0,0,0.102666513318901,0.0211275682189541,0,0.013338381426733,0.133776766818357,0.866223233181643,0.715660640669929,0.284339359330071,0,0,1,0,5,6
349,"NYK","LAL",0,1,0.121511554573663,0.0660791358712279,0,0,0.275870447258277,0.724129552741723,0.610556370251885,0.389443629748115,0,0,0,0,5,6
350,"DEN","MIA",1,1,0.0882643667608563,0.00998520978309669,0,0.00505881855086288,0.107080245997069,0.892919754002931,0.011545341110141,0.988454658889859,0,0,3,0,8,5
351,"MIN","PHX",1,1,0.0613769392894796,0.210117427799749,0.0507339774129878,0,0.278991703006749,0.721008296993251,0.11792416989814,0.88207583010186,0,0,1,0,5,9
352,"CHI","TOR",-1,0,0.13277093185336,0.231813019176097,0.0689592050360937,0,0.965815936238699,0.034184063761301,0.998057348855729,0.00194265114427095,0,0,0,3,8,7
353,"BOS","IND",1,1,0.0275951726305458,0.0205853637269993,0,0.00242210734772474,0.117316572517237,0.882683427482763,2.38347434659895e-05,0.999976165256534,0,0,5,0,12,7
354,"DAL","CLE",1,1,0.0876190409984889,0.0745487847415124,0,0.0264889448941531,0.291034480145262,0.708965519854738,0.0106848437726995,0.9893151562273,0,0,1,0,7,5
355,"ATL","DET",-1,0,0.0300329546714398,0.132542063176572,0.00188434645009061,0,0.711344677564739,0.288655322435261,0.0598120193782845,0.940187980621715,0,0,0,3,3,10
356,"TOR","IND",0,0,0.0700906615117352,0.0615756264112146,0,0,0.54971837796173,0.45028162203827,0.717491378615386,0.282508621384614,0,0,0,0,6,3
357,"CHA","MIA",-1,1,0.0637843355240897,0.149820554067356,0.0307805874659419,0.0157255437396424,0.881761443569549,0.118238556430451,0.12452245631465,0.87547754368535,0,0,0,4,5,8
358,"WAS","PHI",-1,0,0.0417692224711493,0.0922510887828318,0,0,0.834377859121472,0.165622140878528,0.00300237375311196,0.996997626246888,0,0,0,5,5,7
359,"MIN","HOU",1,1,0.0221994959861165,0.0238417342636014,0,0.0106560427914517,0.05611392353264,0.94388607646736,0.000952770764971441,0.999047229235029,0,0,0,0,6,8
360,"PHX","LAL",-1,0,0.0355314351272231,0.0927565647208159,0,0,0.720900952077938,0.279099047922062,0.00838636650299618,0.991613633497004,0,0,0,2,5,8
361,"POR","NOP",-1,1,0.0790721291830928,0.0577931699345025,0,0,0.354755612724517,0.645244387275483,0.007548709880973,0.992451290119027,0,0,0,2,3,9
362,"OKC","IND",-1,1,0.0311092361659528,0.0422989165996212,0.0261755357438248,0,0.94239327525702,0.0576067247429796,0.00716047256902796,0.992839527430972,0,0,0,2,5,6
363,"POR","DAL",0,1,0.170059251133372,0.0208267096917617,0,0,0.53122793209897,0.46877206790103,0.621038837909184,0.378961162090816,0,0,0,0,7,5
364,"LAC","NOP",1,1,0.145196046523513,0.0386681498985153,0.00187626033920579,0.00260235121172359,0.00750006797429303,0.992499932025707,0.0112927967021485,0.988707203297851,0,0,3,0,8,8
365,"ORL","TOR",1,0,0.136514498793164,0.0455549572723179,0,0.0102588124535503,0.347355165418125,0.652644834581875,0.000420786033657234,0.999579213966343,0,0,2,0,9,5
366,"SAS","CHA",1,0,0.187969587548905,0.0297813176111574,0.114944128470091,0,0.364258441818891,0.635741558181109,0.13309501543738,0.86690498456262,0,0,1,0,10,3
367,"MIL","DET",1,0,0.0428142707926139,0.140963757256023,0,0,0.726808804408508,0.273191195591492,0.426516906696992,0.573483093303008,0,0,0,1,4,6
368,"GSW","MIN",-1,0,0.122541993763831,0.0827222986735497,0,0,0.560439161224032,0.439560838775968,0.00528277629018137,0.994717223709819,0,0,0,2,5,6
369,"CHA","BKN",-1,1,0.0220929546522256,0.0887739921390664,0,0,0.93629954273821,0.06370045726179,0.000989402747913481,0.999010597252087,0,0,0,3,3,8
370,"HOU","OKC",1,1,0.121764823131653,0.181959229313596,0,0.102234310601733,0.446446608812674,0.553553391187326,0.0105088467092912,0.989491153290709,0,0,3,0,8,7
371,"PHI","DEN",1,0,0.0358859986986801,0.0810025329980109,0,0,0.643666797834231,0.356333202165769,0.273625819332962,0.726374180667038,0,0,0,2,5,5
372,"UTA","HOU",-1,1,0.0878247809421748,0.0935616799243501,0,0,0.480388555445784,0.519611444554216,0.277631740017648,0.722368259982352,0,0,0,0,3,5
373,"POR","LAC",0,0,0.0973321669614282,0.11996524938548,0,0,0.892564712017083,0.107435287982917,0.699959245017011,0.300040754982989,0,0,0,0,6,7
374,"TOR","HOU",1,0,0.0577133261482085,0.0241492656521876,0,0.013885478957099,0.0583230125042254,0.941676987495775,0.00296711471359501,0.997032885286405,0,0,3,0,11,6
375,"MIN","WAS",0,1,0.0263301844853764,0.207993529394689,0,0,0.113727011256755,0.886272988743245,0.610059227353141,0.389940772646859,0,0,1,0,4,7
376,"MIN","WAS",0,0,0.110186997731147,0.070860586963378,0,0,0.534597666158125,0.465402333841875,0.69411379016549,0.30588620983451,0,0,1,0,6,6
377,"MIN","WAS",-1,0,0.237420765587421,0.153053949220702,0.108070819913447,0,0.291784607762447,0.708215392237553,0.132217956222243,0.867782043777757,0,0,0,1,7,6
378,"BOS","PHX",-1,1,0.0480817436133479,0.200166306806362,0,0,0.938957920621358,0.0610420793786421,0.031886542095931,0.968113457904069,0,0,0,3,4,9
379,"PHI","POR",1,1,0.0739533539393995,0.14033435071252,0,0,0.723220643769039,0.276779356230961,0.857825607372334,0.142174392627666,0,0,1,1,8,8
380,"HOU","IND",1,1,0.105252189124601,0.0318107905602454,0.0152141669894413,0,0.203630159873545,0.796369840126455,0.123228348527386,0.876771651472614,0,0,3,1,6,6
381,"ATL","CHI",-1,0,0.0360734906626752,0.18172158589653,0,0,0.63382813698279,0.36617186301721,0.000636384849156513,0.999363615150843,0,0,0,3,2,8
382,"PHX","MIN",1,1,0.125323000207619,0.0348941473307256,0,0,0.626186382377282,0.373813617622718,0.00537092882285773,0.994629071177142,0,0,2,0,7,4
383,"CHI","IND",-1,1,0.0748342302990998,0.0478851405775347,0,0,0.200995520765524,0.799004479234476,0.28304939918734,0.71695060081266,0,0,0,0,5,7
384,"NYK","DAL",1,0,0.179063991672996,0.0170772514926527,0,0,0.647570460611424,0.352429539388576,0.259035069483366,0.740964930516634,0,0,1,0,9,4
385,"MIA","LAL",0,0,0.0899948856692309,0.0543995274411111,0,0,0.165081808187917,0.834918191812083,0.682350428795127,0.317649571204873,0,0,0,0,7,3
386,"MIA","LAL",1,0,0.093650323560629,0.040289675996502,0,0,0.356671317483674,0.643328682516326,0.250320508572576,0.749679491427424,0,0,0,0,8,4
387,"DEN","MEM",-1,0,0.0449411542668462,0.0810654220527938,0.0135038154014482,0,0.973741105380174,0.026258894619826,0.0295455119150373,0.970454488084963,0,0,0,2,7,8
388,"GSW","UTA",0,0,0.0617304063309421,0.216782684866679,0,0.0823641635032827,0.311632803447856,0.688367196552144,0.690099325599933,0.309900674400067,0,0,1,0,5,7
389,"CHI","HOU",-1,1,0.0199645771886877,0.133574827028414,0.00293473693094293,0.0047723663632035,0.584621700751745,0.415378299248255,0.120640182000864,0.879359817999136,0,0,0,4,4,8
390,"LAC","OKC",1,0,0.156035448746745,0.143077051398341,0,0,0.788748416826445,0.211251583173555,0.224769483024925,0.775230516975075,0,0,0,0,6,6
391,"CLE","ATL",0,0,0.132350127140976,0.0416176825596745,0,0,0.464228126481376,0.535771873518624,0.721005928482898,0.278994071517102,0,0,0,0,7,7
392,"CLE","ATL",-1,0,0.0631948534473466,0.111180797957349,0,0,0.835307023865742,0.164692976134258,0.254081106665802,0.745918893334198,0,0,0,3,5,8
393,"BOS","GSW",-1,0,0.172209748776639,0.0981159654076254,0.0903001667319407,0.079075172015433,0.893090442521223,0.106909557478777,0.145780290696701,0.854219709303299,0,0,0,2,6,8
394,"TOR","MEM",-1,1,0.0337098541451937,0.132877201117825,0.00198886608413629,0,0.732039880640877,0.267960119359123,0.0395971092198432,0.960402890780157,0,0,0,3,5,10
395,"ORL","MIL",1,1,0.0827440025232213,0.101444894694992,0.0187959467694719,0,0.840985770618244,0.159014229381756,0.134028556611131,0.865971443388869,0,0,2,0,7,6
396,"DET","CHI",-1,1,0.133610472378105,0.0679582069734238,0.015974192700157,0,0.526939323951921,0.473060676048079,0.00565616234363142,0.994343837656369,0,0,0,2,5,7
397,"WAS","LAC",1,1,0.0182260390813282,0.0206812006838272,0,0,0.055442835171852,0.944557164828148,3.7552233418431e-05,0.999962447766582,0,0,1,0,8,4
398,"CHI","MIL",-1,1,0.0199933477303329,0.0964781726942748,0,0,0.8540580797426,0.1459419202574,0.00157674233929628,0.998423257660704,0,0,0,3,4,7
399,"IND","NYK",-1,1,0.148738085172867,0.0616958448662863,0.0193209832609768,0,0.637463383787659,0.362536616212341,0.0101289547147549,0.989871045285245,0,0,0,2,6,7
400,"MIN","GSW",0,0,0.107752768451108,0.0171542713236627,0,0,0.461888090315146,0.538111909684854,0.361620102258403,0.638379897741597,0,0,0,0,5,4
401,"SAS","UTA",-1,0,0.210048413860446,0.128127571509668,0,0,0.521579342824115,0.478420657175885,0.260915066785145,0.739084933214855,0,0,0,0,6,5
402,"HOU","DAL",1,1,0.117535414498863,0.0713585247102756,0,0,0.465914880461115,0.534085119538885,0.86873925679385,0.13126074320615,0,0,1,1,5,4
403,"DET","ORL",-1,0,0.0354126925340341,0.148193734606199,0,0,0.794194489152973,0.205805510847027,0.0107724043639656,0.989227595636034,0,0,0,4,5,7
404,"OKC","POR",1,0,0.00773886497142669,0.00321590982742481,0,0.00467034289653035,0.0277184086733583,0.972281591326642,0.000113376238754782,0.999886623761245,0,0,2,0,7,5
405,"SAS","DEN",1,0,0.130110840682776,0.175237294245696,0,0.0674676445453607,0.855796614786357,0.144203385213643,0.0639705371058276,0.936029462894172,0,0,0,0,7,6
406,"MIA","ORL",1,0,0.175724424348683,0.0650864063488882,0.0246154970706435,0,0.269196565021523,0.730803434978477,0.118042995719536,0.881957004280464,0,0,1,0,8,6
407,"LAC","UTA",0,1,0.196048871570087,0.0173181275654179,0,0,0.061463837538679,0.938536162461321,0.713857364610359,0.286142635389641,0,0,0,0,6,6
408,"LAC","UTA",-1,0,0.184661035533805,0.0360636658260869,0,0.0968490491259076,0.458530936228989,0.541469063771011,0.123418588889019,0.876581411110981,0,0,0,0,5,5
409,"CLE","CHI",1,0,0.0635429539774874,0.0389683939481726,0.0467190309788766,0.0461952652743713,0.015539909141905,0.984460090858095,0.12840070514035,0.87159929485965,0,0,1,1,8,5
410,"GSW","MEM",-1,1,0.135062457927217,0.0609983798564633,0.0358825822959205,0,0.20574673922749,0.79425326077251,0.438810538280818,0.561189461719182,0,0,0,0,6,6
411,"MIN","POR",-1,0,0.109668876184758,0.236731936079549,0.0524234280290172,0.00528210806175414,0.953238060834853,0.046761939165147,0.349124708556282,0.650875291443718,0,0,0,1,4,6
412,"OKC","SAC",1,1,0.139924006013793,0.0327816099749538,0,0,0.440902987516362,0.559097012483638,0.279932541121428,0.720067458878572,0,0,3,0,9,4
413,"TOR","NYK",-1,1,0.112338936736956,0.200976759633744,0,0,0.623970187869402,0.376029812130598,0.0307476217475596,0.96925237825244,0,0,0,3,6,9
414,"MIL","PHI",0,1,0.165832236968813,0.10190228632811,0,0,0.648057296875365,0.351942703124635,0.607602440134192,0.392397559865808,0,0,0,0,5,4
415,"MIL","PHI",-1,0,0.0210614433936456,0.0769244877463816,0,0,0.723491162982224,0.276508837017776,0.033260385459992,0.966739614540008,0,0,0,0,5,9
416,"CHI","NOP",-1,1,0.00102866471696994,0.0918883446625524,0,0,0.780988698596845,0.219011301403155,0.98656709001227,0.0134329099877301,0,0,0,2,2,6
417,"SAC","PHX",-1,1,0.0250494877496507,0.234880513650491,0,0,0.797985788951032,0.202014211048968,0.0104462444095227,0.989553755590477,0,0,0,4,5,12
418,"OKC","SAS",0,1,0.12538106180444,0.0402347661553525,0,0,0.271389072888906,0.728610927111094,0.707747532851373,0.292252467148627,0,0,0,0,8,4
419,"OKC","SAS",1,0,0.083685831246015,0.0162242865272781,0,0,0.454999182888257,0.545000817111743,0.0786573847718229,0.921342615228177,0,0,2,0,7,3
420,"DET","CLE",0,1,0.0146153661212084,0.0893472832724821,0,0,0.917932477473396,0.0820675225266037,0.712732837604245,0.287267162395755,0,0,0,1,5,7
421,"DET","CLE",-1,1,0.0951442476332614,0.137989193522189,0.0825422529408156,0,0.63058374932425,0.36941625067575,0.869074305628769,0.130925694371231,0,0,1,2,4,5
422,"SAS","DAL",-1,0,0.0339679594101651,0.104559718671705,0.014449202551298,0,0.651996275912964,0.348003724087036,0.00729591785966399,0.992704082140336,0,0,0,3,5,8
423,"UTA","LAL",1,0,0.0777098067885915,0.0282940056458206,0,0.0171675359241829,0.964162863429876,0.035837136570124,0.0179982836727541,0.982001716327246,0,0,2,0,8,5
424,"IND","MIL",-1,1,0.00982072670619183,0.0151843976756599,0.0150654296773407,0,0.993324027158354,0.00667597284164623,0.00111866081754408,0.998881339182456,0,0,0,0,6,7
